week,sentiment_mean,sentiment_std,subjectivity_mean,subjectivity_std,counting
2026-27,-0.048164624249039875,0.9780945213440477,-0.11456386653089083,0.9381076926563026,85.0
2026-28,-0.24398659003898657,0.9418507550867913,-0.043760054154218166,1.1572802535291082,173.0
2026-29,0.0672027394255995,1.054526163214695,0.002359865323809304,0.8801360833397874,292.0
2026-30,0.2122206023782943,0.8941187508911865,0.10637304899649387,0.8432276839715013,231.0
2026-31,-0.0014819699501559401,0.9250845085691594,0.01348367836241653,0.7075836711014032,262.0
2026-32,0.02057029972238828,0.994965393960836,0.09121776979583542,1.460839228409879,222.0
2026-33,-0.07869520906688403,0.9873663644005937,0.03720581100016183,1.044269434776095,263.0
2026-34,0.032500274434915585,0.9007574005625325,0.04799876898885556,0.847492878498367,161.0
2026-35,-0.09113902773115173,1.0342195211896628,0.05454424032552935,0.823368983375107,185.0
2026-36,-0.07364101762510461,0.9864139091554941,-0.10790463406813873,0.9866920209013336,185.0
2026-37,0.05167888485477562,0.9161934376162618,-0.19343586312661362,0.5877324061748692,170.0
2026-38,0.145160987470701,1.1432392218002678,0.024382131770361894,1.375508038670731,122.0
2026-39,-0.10056577563864852,0.9405882501916406,-0.05904392248607559,0.47594583898151777,44.0
