domain,sentiment_mean,sentiment_std,subjectivity_mean,subjectivity_std,counting
www.20minutes.fr,0.05305911335625076,0.1271310668424567,0.25659214304920414,0.3311273080151327,393.0
www.ledauphine.com,0.07385108393590537,0.13189410072075716,0.26983336677125497,0.6757905251431995,322.0
www.franceinfo.fr,0.08032323049857297,0.1373032160735066,0.24762052060382542,0.3248463565177789,292.0
www.huffingtonpost.fr,0.0651679820342101,0.1234642765292081,0.2713672807861404,0.4835348911712245,171.0
www.courrierinternational.com,0.05881868510277601,0.11560119732664809,0.24581739851058035,0.3795524237540148,143.0
www.lalibre.be,0.05464373124230267,0.12173902577610247,0.21112447142804286,0.2654014916531762,105.0
www.presse-citron.net,0.07691367231395321,0.14217147126848786,0.28592428919395213,0.3267362905261539,89.0
france3-regions.franceinfo.fr,0.09499412213878505,0.15801521732031668,0.2977143976497909,0.5713698186333934,89.0
www.dhnet.be,0.060665080623614275,0.12161194041810443,0.2502771215607754,0.4591023919521556,78.0
www.journaldugeek.com,0.09298327592805206,0.15790199283912523,0.23936393581542836,0.24763386996954834,67.0
www.bfmtv.com,0.046072388470115744,0.11885022794902991,0.14673155863496773,0.1300266739311288,66.0
www.mediapart.fr,0.21238959529749005,0.07293189423827319,0.18028220317694002,0.06252510945624899,57.0
www.lavenir.net,0.02836614229585927,0.1371184784286849,0.1681585696797961,0.10296868013593212,53.0
www.frandroid.com,0.07618016333548248,0.19366453888614177,0.5526207285622179,1.2751865930818542,47.0
www.sofoot.com,0.03294532761924067,0.1306309067889956,0.18982752151230414,0.12296179544723246,46.0
www.lexpress.fr,0.05408329619726678,0.07894315496276241,0.15612756769374417,0.08667293808395307,34.0
www.nouvelobs.com,0.10080604362957304,0.12333614115245164,0.2207395170189288,0.14975359490785467,34.0
rmcsport.bfmtv.com,0.03702517023206678,0.1814022703351785,0.30763164995923614,0.4841857737058849,29.0
www.lejournaldesentreprises.com,0.15493056277056277,0.12167311743688072,0.1612207070707071,0.11508613580455546,25.0
www.jeuneafrique.com,0.0911824494949495,0.11497050927170221,0.16682142857142856,0.11089533511259278,22.0
www.challenges.fr,0.06972289420818834,0.0868713202981963,0.2306748002231196,0.3263259807380043,21.0
www.lesnumeriques.com,0.09089075497623292,0.11637480615220851,0.34082017323975045,0.6037345689410986,16.0
www.telerama.fr,0.1297418154761905,0.10557542983793107,0.20506324404761905,0.15941503557103373,16.0
www.camer.be,0.0521142857142857,0.14820860306566463,0.13527380952380952,0.13512438892316742,15.0
www.leprogres.fr,0.13433956916099773,0.11659250008477262,0.2061111111111111,0.10078613102038639,14.0
www.numerama.com,0.11831175320406093,0.1707881770006961,0.34299504555273785,0.44659475226147965,13.0
www.futura-sciences.com,0.11545222832722833,0.1460759590737174,0.3262347374847375,0.16752939349180374,13.0
theconversation.com,0.07643948412698413,0.10190692024688836,0.18983333333333333,0.10171839322007785,12.0
www.prnewswire.com,0.1563452380952381,0.10328681016930896,0.11154166666666665,0.07883361962597768,10.0
atlantico.fr,0.027094191919191924,0.1386471237897425,0.022049242424242423,0.17735197303722017,10.0
dailygeekshow.com,0.0970726911976912,0.08317560717027368,0.20770121853455187,0.08552758434569102,9.0
www.monde-diplomatique.fr,0.1175578231292517,0.20722432026006368,0.2279251700680272,0.1999886955556993,7.0
www.lyonpeople.com,0.23391203703703703,0.13664488355834953,0.22685185185185186,0.18257982075383375,6.0
www.caradisiac.com,0.11498095238095238,0.14179645755148348,0.27109523809523806,0.04041297584662681,5.0
fr.sputniknews.africa,-0.05500000000000001,0.05511351921262151,-0.0062500000000000056,0.153263117981246,4.0
www.lesinrocks.com,0.10014285714285714,0.08693218093222241,0.15761904761904763,0.03913173286486049,3.0
www.les-crises.fr,0.0882222222222222,0.08885089465774378,0.2638888888888889,0.18532503978245995,3.0
www.turbo.fr,-0.05146969696969697,0.12180322443225246,1.2860606060606061,1.8905725953509458,3.0
www.globenewswire.com,0.16874999999999998,0.16341568927125694,0.085,0.09041570660012563,3.0
www.data.gouv.fr,0.1111111111111111,0.19245008972987526,0.1111111111111111,0.019245008972987532,3.0
www.gameblog.fr,0.23075,0.12621856044179872,0.25375000000000003,0.05833630944789012,2.0
iphoneaddict.fr,0.19571428571428573,0.1474822715046228,0.13214285714285712,0.09596449173246002,2.0
www.phonandroid.com,0.19,0.028284271247461894,0.13571428571428573,0.12121830534626529,2.0
sante.ouest-france.fr,0.004469696969696971,0.14538543970759774,0.1962121212121212,0.052497321633546694,2.0
www.opinion-internationale.com,0.23214285714285715,0.20102035636588994,0.11214285714285716,0.003030457633656629,2.0
www.techno-science.net,0.11916666666666667,0.02946278254943949,0.16166666666666668,0.04006938426723768,2.0
www.oezratty.net,-0.0878125,0.1586570840287316,0.2,0.07071067811865477,2.0
www.frenchweb.fr,0.14027272727272724,0.020184684481143262,0.095,0.007071067811865481,2.0
www.igen.fr,0.1275,0.03889087296526008,0.19,0.12727922061357858,2.0
korben.info,0.2333767361111111,0.08648554294200052,0.3583333333333333,0.01178511301977577,2.0
agriculture.gouv.fr,0.0005555555555555557,0.0856384879437041,0.3388888888888889,0.031426968052735434,2.0
www.tomsguide.fr,0.0,1.0,0.0,1.0,1.0
www.slate.fr,0.0,1.0,0.0,1.0,1.0
www.politico.eu,0.0,1.0,0.0,1.0,1.0
www.liberation.fr,0.0,1.0,0.0,1.0,1.0
www.whatsupdoc-lemag.fr,0.0,1.0,0.0,1.0,1.0
www.rtbf.be,0.0,1.0,0.0,1.0,1.0
www.puntodebreak.com,0.0,1.0,0.0,1.0,1.0
actualite.cd,0.0,1.0,0.0,1.0,1.0
www.guinee360.com,0.0,1.0,0.0,1.0,1.0
www.lechni.info,0.0,1.0,0.0,1.0,1.0
www.leblogauto.com,0.0,1.0,0.0,1.0,1.0
basta.media,0.0,1.0,0.0,1.0,1.0
francais.medscape.com,0.0,1.0,0.0,1.0,1.0
ismee.info,0.0,1.0,0.0,1.0,1.0
journal-labreche.fr,0.0,1.0,0.0,1.0,1.0
lefaso.net,0.0,1.0,0.0,1.0,1.0
linterconnexionnestplusassuree.fr,0.0,1.0,0.0,1.0,1.0
phototrend.fr,0.0,1.0,0.0,1.0,1.0
www.10h26.com,0.0,1.0,0.0,1.0,1.0
www.aa.com.tr,0.0,1.0,0.0,1.0,1.0
www.actu-environnement.com,0.0,1.0,0.0,1.0,1.0
www.africaradio.com,0.0,1.0,0.0,1.0,1.0
www.amis.monde-diplomatique.fr,0.0,1.0,0.0,1.0,1.0
www.contretemps.eu,0.0,1.0,0.0,1.0,1.0
www.estrepublicain.fr,0.0,1.0,0.0,1.0,1.0
www.fark.com,0.0,1.0,0.0,1.0,1.0
www.generation-nt.com,0.0,1.0,0.0,1.0,1.0
www.iphon.fr,0.0,1.0,0.0,1.0,1.0
www.journaldunet.com,0.0,1.0,0.0,1.0,1.0
www.konbini.com,0.0,1.0,0.0,1.0,1.0
www.zataz.com,0.0,1.0,0.0,1.0,1.0
