keyword,sentiment_mean,sentiment_std,subjectivity_mean,subjectivity_std,counting
'Afghanistan',-0.3825356660209494,0.5759551331059471,-0.4281640597734193,0.5968633155463331,3.0
'Ain',0.09312964670282067,1.128286802385284,1.4301130625219174,4.155011292355903,16.0
'Algérie',0.13929838420136598,0.4097965319867945,-0.7893323633077931,1.1108537996586954,3.0
'Allemagne',-0.12895346141644368,0.7522781441004716,0.04511673384186448,0.658291063204018,17.0
'Alpes',-0.18596530912881282,1.0155442873418714,-0.15112878252901563,0.4893436295598997,54.0
'Angleterre',-0.2640108179389297,0.9170550446816687,-0.09656070131601892,0.6618305666175861,54.0
'Ankara',-0.3557957088102359,0.09593105346889616,-0.3650790229523505,0.16280029318210879,2.0
'Annecy',0.20887030454593464,0.752708086963201,-0.08286309968595296,0.5208384917339286,17.0
'Arabie Saoudite',-0.5495791878363546,1.3541493203767718,-0.04310037861796153,0.5722524032476464,6.0
'Arabie saoudite',0.6792065504228507,0.8882097081150852,0.0518293879957896,0.7697271159279034,5.0
'Ardèche',0.17546172765434526,0.885125638515544,0.08685003391338647,1.3097323650278314,41.0
'Argentine',0.35287400594066587,1.1554867668943416,-0.17117686181176314,0.615818751269252,12.0
'Asie',0.32034305185969053,1.6688611004586225,-0.07307958146286113,0.21268145832959515,2.0
'Australie',-0.15130282453497748,0.6210754901246697,-0.02743988421575262,0.8991292699608163,6.0
'Auvergne',0.02833651655673408,0.995932579378201,-0.2782194396801921,0.29902330381553066,17.0
'Azerbaïdjan',-0.0034317289492873937,0.1856915369823602,-0.7516854272471862,0.7725207100066956,2.0
'Bangkok',-0.9298284693381638,1.0,0.09489649861156783,1.0,1.0
'Belge',0.08251826968818457,0.6384936618540958,-0.2518995189521504,0.28089927858771996,7.0
'Belgique',0.24682951154989535,0.9762968689878904,-0.047301063443604255,0.6748496267723285,29.0
'Berlin',-1.5230271618780178,0.4684976865559974,0.12743862983369894,0.2851514127805855,4.0
'Birmanie',0.15161218422663547,0.32231864732317,0.03802129082786243,0.2913602170310563,3.0
'Biélorussie',0.4125448268542169,1.1600733625149415,0.41902182861648624,0.9656293851913302,3.0
'Bordeaux',0.20383042551112504,0.9149053115370025,0.28492577879362785,1.5859192580154802,36.0
'Boston',0.28643322142833993,0.610612665673647,-0.2375064504695755,0.41545606190770995,7.0
'Britannique',0.10561291612185952,1.7849983668568226,-0.16043794453371377,0.3995340946215172,6.0
'Bruxelles',0.029071974822436092,0.6568688263213928,-0.21250727990780377,0.4343887936148592,8.0
'Bulgarie',-1.0399951743648053,1.0,-0.26921166184625056,1.0,1.0
'Burkina Faso',-0.5856568173254929,1.0,-1.2038274536009153,1.0,1.0
'Cambodge',1.4110665073956805,1.0,-0.2194994464296006,1.0,1.0
'Cameroun',-0.1505314636780465,1.580738655161958,0.32496136109610113,1.601006477419794,5.0
'Canada',0.6545570061164053,0.4744983441039063,-0.2982545034458042,0.5180670203667649,10.0
'Canberra',0.8169384524355428,0.35357786793749485,-0.37693292886641266,0.09232221231862221,3.0
'Cap Ferret',0.4073417863222177,0.7166636716296106,0.23762524009410044,0.5383534748192649,12.0
'Centre',0.09907403859012802,0.3082104355713951,0.6662386951865077,2.044063135368624,7.0
'Chambéry',-0.2080171228466322,1.5506580791954663,0.06307901750883757,0.40300707196959495,17.0
'Chine',-0.18707379093201842,0.7144580034165475,-0.017893346375060206,0.5154531746748398,10.0
'Cisjordanie',-0.2610237087435653,0.9819704975472991,-0.35300891975897164,0.3562700471544788,5.0
'Colombie',-0.09806398440530716,1.168943937086595,0.008992217936844566,1.011133477106536,25.0
'Copenhague',0.5372030003974247,0.8714649573866156,0.048937568415593075,0.3153129770539216,9.0
'Corée du Nord',-0.07840693502793761,0.710128311431463,-0.4577203883971743,0.12451933116399055,2.0
'Corée du Sud',-0.220620499025255,0.5717393616050394,-0.09714955643543918,0.6787084335893815,5.0
'Curaçao',0.22873411456417,1.0,-0.49783071551211683,1.0,1.0
'Danemark',0.3083804949274658,0.30488245328367564,-0.5215277173971956,0.1003034069784321,3.0
'Dodoma',0.3704249132530876,1.0,-0.10276256837178818,1.0,1.0
'Drôme',-0.23130176447610798,0.9423155250228629,-0.12535965543871722,0.35462159314004416,34.0
'Egypte',0.3403371075654514,0.38003869542963953,-0.12855577485056044,0.321293833069638,3.0
'Espagne',-0.2581764578354561,0.7830408513659002,-0.17363971282695026,0.31883540805003774,17.0
'Estonie',-0.707106781186548,1.0,-0.7071067811865474,1.0,1.0
'Europe',0.21773004220542727,1.1194471956914243,0.20220406060559643,1.2393275537736164,32.0
'Finlande',-0.6895469628385866,1.1347000746930447,0.9110788626028402,2.196754462779884,3.0
'France',0.09400738212965745,1.0354854982146147,-0.03372921209701812,0.7527357318420698,214.0
'Gard',-0.41202482067014307,1.1882169007529204,-0.0353310858320267,0.5156767787540965,14.0
'Gaza',-0.06532189364686428,1.1556242583790883,-0.15745135299364202,1.0332402119260484,56.0
'Genève',-0.3493864429907303,0.7300346212359812,-0.4481145701970023,0.6404066016222485,8.0
'Gironde',0.6427832522859961,0.8110352732754946,0.4736564748890654,0.7097643765125078,166.0
'Grenoble',-0.12348287851648365,0.595974176041497,-0.23365509550304703,0.6285099795406033,17.0
'Groenland',0.053255614462898296,0.5678985914991141,-0.7088053718448812,0.23800019694492333,4.0
'Grèce',-0.04799170660614126,1.0,-0.48863004335699073,1.0,1.0
'Géorgie',-1.2901699346809266,1.0,-0.12578799619517178,1.0,1.0
'Indonésie',-0.9250574376350323,1.0,-0.1685329791113886,1.0,1.0
'Irak',-0.9817938357235089,0.14136468008529188,0.5122561098965281,0.8214511506764826,2.0
'Irlande',-0.47289082668946125,0.45747006187245576,-0.047859135944957054,0.9087153155590358,2.0
'Israël',0.1090176056265835,1.0169307666573912,0.011756460744950206,1.421161348684551,16.0
'Istanbul',0.17317047467131388,0.8229106936736863,-0.22635624488887524,0.13158539641239267,8.0
'Isère',-0.15112236350685113,1.2677648726818167,0.061469762982907704,0.49944295738561095,27.0
'Italie',-0.291620925130138,0.3660847554019529,-0.30234304286383373,0.5226183155424127,3.0
'Japon',0.5808286992394429,0.86223581099682,-0.2019856333679831,0.07795700234324783,2.0
'Jordanie',-1.2304996924528573,1.0,-0.1361055126042147,1.0,1.0
'Jura',-0.05885090614258547,1.0661295281965741,-0.060550027631175896,0.8583858657256657,22.0
'Kaboul',0.4307369309816152,1.7521105033151092,0.5520854185273419,0.7772986365654128,3.0
'Katmandou',1.0371020608954593,1.0,-0.27854664030949144,1.0,1.0
'Kazakhstan',0.9656594088112763,1.0,0.07989172799213785,1.0,1.0
'Kiev',-0.3339907388205869,0.7223123759676506,-0.06615175597251992,1.154313123986689,78.0
'Kinshasa',-0.48369813507652704,0.14233625062121577,-0.17101067141400608,0.1548540634279352,2.0
'Kremlin',-0.4836099147039121,0.6783718039025566,0.13705050420468043,1.7253155408677727,11.0
'L'Iran',0.07567448052475237,0.9526128610172944,-0.09287700313710169,0.5776724037947585,34.0
'Lacanau',1.4728761251556957,0.5819709217526007,0.763902979299574,1.0356901039617434,5.0
'Lettonie',-0.16179346270744993,1.0,-0.33943050316680196,1.0,1.0
'Liban',-0.6857159612447169,1.8513142008498977,-0.15725969078603128,0.26017082808879394,3.0
'Lituanie',-0.045733247921370464,0.9017087072163825,0.5172639576335564,1.3874562262536336,7.0
'Loire',0.09942913184144628,0.7096083574308136,0.23894744015337777,0.5852785213292356,4.0
'Londres',-0.651061956424376,0.9924449509829678,-0.1917201876254066,0.2774703963941042,5.0
'Luxembourg',1.6831289660263045,1.0,-0.04722951831676553,1.0,1.0
'Lyon',-0.1666424855864752,0.8288802764815492,-0.08215309168660186,0.6612299938002117,46.0
'Madrid',1.0391849165494191,0.2105298390138061,-0.11159536324763036,0.814301998234698,2.0
'Malaisie',1.3054510040359828,1.0,-0.49777414178652374,1.0,1.0
'Malte',-0.34330304578028104,1.0706254091266683,-0.4759977470650041,0.3570660792471911,7.0
'Maritimes',-0.04254675590548153,0.7224012922527377,0.6997540728881684,2.963933603791641,16.0
'Maroc',-0.3327632962359327,0.17704500167613704,-0.2521627360482599,0.8491736210881496,5.0
'Marseille',0.1655364507563692,0.8208751074579483,-0.30832275015362187,0.5020605789501884,19.0
'Miami',-0.3630095993077729,1.032121858465875,-0.22053677354461687,0.2282401108357555,12.0
'Minsk',-0.2885150797453708,0.6410693265520679,0.23252969303276963,0.9133252497810678,3.0
'Moldavie',2.160138153318653,1.0,-0.3696719249423032,1.0,1.0
'Monaco',-0.1387483984904576,0.8320922866471785,-0.10288017265741463,0.24759261000155977,3.0
'Mongolie',0.05912831092805567,1.382298471532337,-0.2999397355758092,0.7279311218284508,7.0
'Moscou',-0.11072308764359182,0.8022621703372989,0.02714133932521734,1.045522817431987,84.0
'Mérignac',0.2677186972576989,1.0,0.48042378172701017,1.0,1.0
'New York',-0.4463500936514152,0.7942009516069937,-0.42275201111438354,0.25922366007413283,8.0
'Nice',0.12952431720709714,0.7789881815927726,-0.18330962212201832,0.3855621558230114,16.0
'Niger',0.432601816997944,0.9850646227206253,0.2588645454013508,0.31536824109034656,3.0
'Nigeria',0.08538953068433583,0.7202289117645132,-0.015479550091937477,0.3343854669814194,7.0
'Norvège',0.21421604183897552,1.0,-0.042738738929645526,1.0,1.0
'Odessa',-0.32265284642212266,0.8858534552556017,-0.6754119388249612,0.443987857079447,3.0
'Oman',0.15035250377023063,1.0,-0.22164405966136091,1.0,1.0
'Orcières',0.08112261666179515,1.1226178796729076,0.6711045748891371,2.750502369973686,16.0
'Ouest',0.155835942002266,0.76029548082545,0.18268474050830932,0.6759336029932063,21.0
'Pakistan',0.25787021906245045,1.863220859660949,-0.42204368629558553,0.2196366758545728,2.0
'Palestine',0.048918292581216175,1.5143619427999526,-0.008552296385085237,2.0347516226314566,15.0
'Panama',-0.9852449350908143,1.0,-0.09633144378870133,1.0,1.0
'Papouasie-Nouvelle-Guinée',0.7071067811865475,1.0,0.7071067811865472,1.0,1.0
'Paris',-0.05992459292193127,1.1145271512502668,0.041573590581828655,0.8525799320435522,65.0
'Pologne',-0.02558885824538981,0.39621380093355524,-0.8365234313661112,0.3950640081151576,2.0
'Porge',0.31453031223387845,0.8127090052718168,0.30679322161064265,0.6956959749250126,42.0
'Port-Louis',-0.18957879556084553,1.0,-0.13098945877734502,1.0,1.0
'Portugal',-0.2870888544305347,1.4309563931136025,0.17318639318335005,0.4234308493834801,6.0
'Pristina',0.5949210006833149,1.0,0.614203378463966,1.0,1.0
'Provence',0.5237443750950256,0.8952342160354958,0.051861931732505084,0.5271366684089772,12.0
'Pyongyang',-0.10283582870506591,1.0,0.09326366109842478,1.0,1.0
'Pékin',0.34820085425936287,0.32973839262052124,-0.34720754451562097,0.41718410195168365,4.0
'RDC',-0.3153017801674102,1.0675175785915552,0.10257998875582183,1.0362968322969404,32.0
'Rhin',0.1496131787207981,1.298933682396021,-0.18900209767815843,0.3945337188027319,25.0
'Rhône',-0.3624540896799431,0.9907919508703269,0.411215136535778,2.924784029162587,23.0
'Rome',-0.36988423879495314,0.7527806723645856,-0.24378246551747912,0.20074702758744353,2.0
'Roumanie',-0.9557023488799384,0.367029835108,-0.20013010942645684,0.14512628770064395,3.0
'Royaume-Uni',-0.40548241973996524,0.6753119227799675,-0.21966813493444895,0.19087564645662983,9.0
'Russie',-0.249686086923516,0.7666773687759307,-0.12048647652614318,1.1521715071546739,119.0
'Rwanda',-1.5676199895456906,1.2007790690267173,0.6319772897766824,0.25809010571322566,2.0
'République démocratique du Congo',-0.3107698620357512,1.3035657831464906,-0.30885717544572566,0.43836363227508146,16.0
'République islamique',-0.5859904370153738,0.8834634574789453,-0.19016297412897365,0.39441459124835576,12.0
'Réunion',-0.16235891603433059,1.0,-0.42860621391484816,1.0,1.0
'Saint Pierre',1.2923545735387967,1.2872764787401105,0.21987675887521818,0.422414580676908,5.0
'Saint-Jean',-0.17175437855290185,1.0,-0.3535985530948764,1.0,1.0
'Savoie',0.06001677537788834,1.1492587616274414,-0.01367934359606815,0.3864671747372147,86.0
'Somalie',0.05090909090909091,1.0,0.15909090909090912,1.0,1.0
'Sri Lanka',-0.171338550748998,1.114719085835042,0.5390981179019111,0.5715342839379902,2.0
'Stockholm',1.0398105410007508,1.3244125987111557,-0.041055194363312224,0.7097947916001438,7.0
'Suisse',-0.576410686991303,0.7566704857260548,-0.2990158272871981,0.1708372831715034,5.0
'Suède',0.5224013949080352,0.617854683850552,0.005499112851236316,0.5935450926622343,7.0
'Sénégal',0.20683150817406154,0.7623663300314873,0.2828175604203282,0.3630713017586912,4.0
'Taïwan',0.09900650233449278,0.6470186796716111,0.9084662813502932,0.6177788346337236,3.0
'Tchad',0.46140039662734644,0.6713748794263599,0.0542622116187629,0.18253413083945402,2.0
'Tchéquie',-0.6319153449874653,1.0,-0.08561290281689019,1.0,1.0
'Thaïlande',1.3573797914124042,1.0,0.9549930589545029,1.0,1.0
'Thonon-les-Bains',-0.039158507586692926,0.6732705608394673,-0.2894080742843145,0.1681376722804942,13.0
'Tokyo',0.48258444538537437,0.8880594220819894,-0.2733794499772406,0.3946609910048498,4.0
'Toulouse',0.04113727280100399,1.0809103801562492,0.020939970607995073,0.7377116626356699,24.0
'Turquie',0.35028134904854,1.1196623792037539,-0.13494402972754826,0.6103833569252695,8.0
'Téhéran',-0.25798548431986723,0.6092098238288443,-0.22441107629308735,0.21386222603762509,8.0
'Ukraine',-0.2625179118353322,0.8844124705391732,-0.2088126445608031,0.6760613159908201,139.0
'Varsovie',-0.8435340481690433,0.27446231447371455,-0.4084397251699572,0.10194855421778166,3.0
'Vatican',-0.8290569991551673,1.0,-0.47235989494109537,1.0,1.0
'Vaucluse',-0.11197305395057915,1.0381500054065071,-0.02482654825644228,0.2623407973359479,45.0
'Venezuela',-0.1028358287050663,1.0,-0.8362530901843346,1.0,1.0
'Victoria',-0.480266178165233,1.0,-0.5461994488774724,1.0,1.0
'Vienne',-1.9101202584212806,1.0,-1.596641240956009,1.0,1.0
'Voiron',0.17671094510819896,0.636870787744693,-0.1956442747244722,0.15357569212707753,16.0
'Washington',-0.0803296101690555,0.9521124998315319,-0.07043486155860786,0.453297203963765,27.0
'Wellington',0.5061820051511848,1.0,-0.5037832095813004,1.0,1.0
'Yaoundé',-0.6539281244486426,1.0,-1.3239639739792461,1.0,1.0
'Yémen',-0.3066292868199952,1.0,-0.3328712088087259,1.0,1.0
'Émirats arabes unis',1.1841909482423374,1.0,-0.4149067520311855,1.0,1.0
'Évian-les-Bains',0.41766110125445965,0.7743928187528285,-0.31684274349334757,0.5270416277420462,5.0
