topic,sentiment_mean,sentiment_std,subjectivity_mean,subjectivity_std,counting
Afghanistan,-0.697033943887369,1.0,0.06398033087505263,1.0,1.0
Algeria,0.13765474822238274,0.4235007708997853,-0.34160623888716396,0.560437785751436,3.0
Argentina,0.42800051683195417,1.1521472400858674,-0.0056293274712594646,0.6236362620707018,14.0
Australia,0.17290752697278722,0.7225237465815469,-0.19540674750094936,0.5625879368291751,9.0
Austria,-1.513699937474641,1.0,-1.414899724202323,1.0,1.0
Azerbaijan,-0.0268482647576165,0.19013244948511496,-0.7368610396083506,0.7524388458767549,2.0
Belarus,0.035250816787300666,0.8900084624150179,0.29217908095135586,0.7925745174856382,6.0
Belgium,0.019036410649866668,0.8843000788773929,-0.1685921616613092,0.45343394472957527,37.0
Bulgaria,-1.0990802033968656,1.0,-0.2841939652124906,1.0,1.0
Burkina Faso,-0.5660997701355382,1.0,-1.0552008337480026,1.0,1.0
Cambodia,1.173232549696904,1.0,-0.2932933994423798,1.0,1.0
Cameroon,-0.0516999886020118,0.954358242984565,0.38569179997039854,1.8275473121419274,13.0
Canada,0.4365745579112767,0.848906641719237,-0.31353530154137377,0.5384509205129906,9.0
Chad,0.02900817191488769,0.8674508828031796,-0.37328727067567363,0.7794932767199676,3.0
China,-0.10175192971809625,0.7574652579193765,-0.19145171292595717,0.34756353477479707,16.0
Colombia,-0.012926450279970466,1.1814305410797001,0.0002314132202859463,1.0167605206343828,26.0
Curacao,0.19855278985747996,1.0,-0.49434710598940024,1.0,1.0
Czechia,-0.6625922970686823,1.0,-0.07680291316702552,1.0,1.0
Democratic Republic of the Congo,-0.28264450138595026,1.049156426553759,-0.07340538201082562,0.7799833029340165,61.0
Denmark,0.8571873236905108,0.3001074118513259,0.04176587727736014,0.8932974219685087,2.0
Egypt,0.32379930242534877,0.4122456969041918,-0.13187553251448422,0.32058757789253056,3.0
Estonia,-0.707106781186548,1.0,-0.7071067811865474,1.0,1.0
Finland,-0.6721988980212349,1.1130664351868513,0.8826515459417855,2.152389872909252,3.0
France,0.12942979452071426,1.0099150242009765,0.07909055143975771,0.940585298265552,1194.0
Georgia,-1.3121034653391517,1.0,-0.13315767676639073,1.0,1.0
Germany,-0.01893759590975211,1.097583927375296,0.1593161082130646,1.0232469771787143,52.0
Greece,-0.058984554316585634,1.0,-0.48956978504504883,1.0,1.0
Greenland,0.04752266424474147,0.6975446770676503,-0.5986968530442534,0.01555244613995337,2.0
Guinea,-0.7071067811865471,1.0,-0.7071067811865481,1.0,1.0
Guyana,0.0999801153122623,1.8283875769065654,-0.15372863346981622,0.39326183026264855,6.0
Haiti,0.18269546461284744,0.7458553130610325,0.1492638181579545,0.6672501284971196,21.0
Indonesia,-1.444500471600081,0.7152261468972584,0.34028052607940373,0.7196408485494487,2.0
Iran,-0.1599040155104741,0.8975116088322971,-0.15677153787765774,0.28290137084359984,18.0
Iraq,-1.0948267258218918,1.0,-0.06963452152059889,1.0,1.0
Ireland,-0.48201865002155997,0.4465996276824605,-0.037300313109351335,0.9164243664539927,2.0
Israel,0.10216248274048585,0.9994063586967299,-0.00687656263494744,1.516677335132544,15.0
Italy,-0.052212967349547036,0.8003764637173908,-0.22389561114409587,0.3651598677824815,6.0
Japan,0.5183680962022597,0.6784088539047917,-0.2606971396886278,0.4655928259439347,8.0
Kenya,1.221279001966524,1.0,-0.13535140563199338,1.0,1.0
Kosovo,0.536855526328081,1.0,0.5546647872562128,1.0,1.0
Latvia,-0.19166630824526587,1.0,-0.3570069854837091,1.0,1.0
Lebanon,1.6615874276319735,1.0,0.08272877319899954,1.0,1.0
Lithuania,-0.061453269673785026,0.8931843837350858,0.5423195449549012,1.4619953716318548,7.0
Luxembourg,1.7146249515957606,1.0,-0.05401086887121913,1.0,1.0
Malta,-0.37272991404781575,1.039125128281804,-0.45061071433010447,0.35184877062659936,7.0
Mauritania,0.3735720983887361,1.0,0.627475911337824,1.0,1.0
Mauritius,0.6414164727270922,1.305500135987162,-0.10691233706352622,0.10627948030341648,2.0
Mexico,0.2456252567136885,1.0,-0.19247884016001648,1.0,1.0
Moldova,2.2046084166382705,1.0,-0.37223994135282196,1.0,1.0
Monaco,-0.07581434231189181,0.9184837002669987,-0.1049240382708176,0.2581337540897361,3.0
Morocco,-0.3492226720924826,0.1786326892922484,-0.3799802670199834,0.5247917532793845,5.0
Nepal,1.0137548312016025,0.2291980280507212,-0.25399770033659347,0.10574822104133164,3.0
New Zealand,-0.2011857460246366,1.2116753275856718,-0.4221057296558652,1.0155107279105204,3.0
Niger,0.21984413679864695,1.304386458125681,0.07397573113403404,0.07938558134638928,2.0
Nigeria,0.06347580050372478,0.603297811133926,-0.20044772791450735,0.32384415531892763,8.0
North Korea,-0.08736419619678332,0.5514761602520704,-0.31196544305883106,0.3018543520104119,3.0
Norway,-0.04614210294560386,0.5757939327764261,-0.12699499505317094,0.08497288537709538,3.0
Oman,0.1308627685460188,1.0,-0.23486901599650387,1.0,1.0
Pakistan,-0.3347960604540268,0.681227409056084,-0.19943557839368953,0.3397154833922378,2.0
Palestinian Territory,-0.04673504362992103,1.1835632078245155,-0.13852294006649216,1.2235536284659008,81.0
Panama,-1.0278326509632634,1.0,-0.08778075550420696,1.0,1.0
Papua New Guinea,0.8365034747786391,0.5403791067947584,0.6630909520969321,0.43974197995587133,3.0
Paraguay,-0.3801967159948596,1.2836319356842727,1.3837640077051916,2.91683293787129,3.0
Poland,-0.5479130962704615,0.4865953731831627,-0.5823660115529815,0.32275794164743854,5.0
Puerto Rico,-0.5991678658056678,0.5808016280632745,-0.26203317013089766,0.126976629848572,2.0
Reunion,-0.17720708991930528,1.0,-0.42809386795683263,1.0,1.0
Romania,-0.5397544007279719,0.9338827870350567,-0.2420982602362437,0.13778503162196082,4.0
Russia,-0.21772101087436752,0.7891416806186763,-0.060987921758623366,1.0914634108324746,213.0
Rwanda,-1.5676199895456906,1.2007790690267173,0.6319772897766824,0.25809010571322566,2.0
Saudi Arabia,0.56764394251578,0.9619033941421645,0.030520231134075454,0.6166933536025181,8.0
Senegal,0.370032007113727,0.7601883397149545,0.23192340760901256,0.3294098733014938,5.0
Seychelles,-0.4823776413701688,1.0,-0.5384289847652235,1.0,1.0
Somalia,0.05090909090909091,1.0,0.15909090909090912,1.0,1.0
South Africa,-0.8277778706294773,1.0,-0.4031255124451169,1.0,1.0
South Korea,-0.41337604076276735,0.45185894604828175,-0.05175393109316723,0.7170315710654691,4.0
Spain,-0.1827104142053357,0.9310773739718285,-0.18642188739440216,0.21012836985263747,21.0
Sri Lanka,-0.04000767153752732,0.8919407623290232,0.0021935563820724632,0.15006360775430444,2.0
Sweden,0.6819538257640647,1.0386578507519892,0.211161995968325,1.4631149913788086,16.0
Switzerland,-0.2411836821503453,0.9632563150940663,-0.21660636312493095,0.7691090157534825,37.0
Taiwan,0.44690090174758446,0.21130572223094632,0.7784048791147314,0.8769204617465239,2.0
Tanzania,0.37353691740068096,1.0,-0.09436746090651599,1.0,1.0
Thailand,1.309567810768564,1.0,1.0973667278355992,1.0,1.0
Tunisia,0.7058998400037978,0.0017068725896324576,-0.39351507737801783,0.4434856405737095,2.0
Turkey,0.09280509789938475,0.8868685062166919,-0.1948066391435748,0.4308250313424556,17.0
Ukraine,-0.3000987126946584,0.8339279080667752,-0.1695144250851026,0.8669723791793583,219.0
United Arab Emirates,0.1487959459505733,1.1414045771208747,1.3621806327206787,4.195057735092777,17.0
United Kingdom,-0.2729481357337448,1.0317140903696806,-0.1662003904594557,0.36604113180171266,69.0
United States,-0.22281060107948505,0.8643265333998345,-0.14148106459871543,0.3588910920924008,58.0
Vatican,-0.842116061913651,1.0,-0.472906158020793,1.0,1.0
Venezuela,-0.03276475021590819,1.0,-0.8841600383862248,1.0,1.0
