day,sentiment_mean,sentiment_std,subjectivity_mean,subjectivity_std,counting
2026-07-07,-0.16071072461627678,1.4083949416767854,-0.19497480565476363,0.34642293842374056,15.0
2026-07-08,0.0994337514725563,0.7228127788330959,-0.09176666402986451,0.44273829953784527,17.0
2026-07-09,0.1675664789875868,0.7707990489696426,0.4669785659350587,1.9743161012689527,13.0
2026-07-10,0.09746491595315761,0.9640230810075253,-0.38974210602281956,0.9841101784361534,14.0
2026-07-11,0.038563261072976474,0.9426694860986864,-0.18924613790224915,0.5003744072560252,14.0
2026-07-12,-0.6213720560135166,0.8505220542660779,-0.2681799353334477,0.22636796675639537,12.0
2026-07-13,0.09613766833592938,0.6174716667313752,0.6866228467227103,2.890439256346872,17.0
2026-07-14,-0.054219461911821046,1.1345309798305836,0.02624602841560632,0.30450297753865424,9.0
2026-07-15,-0.16497648571104562,0.8325695562161669,-0.16791452309564028,0.4835387039867086,41.0
2026-07-16,-0.24407991735223528,0.9117489552285181,-0.0020355211501211896,1.5141739142991228,28.0
2026-07-17,-0.5589035528280903,1.255757979336134,-0.134966462444269,0.5999714015755028,24.0
2026-07-18,-0.6198538704135321,0.8465036142563283,-0.25673535250773133,0.25643654022011103,21.0
2026-07-19,-0.10082288286894801,0.9158040639132792,-0.1183989235835399,0.35192397575928,33.0
2026-07-20,-0.24241709128510253,1.1151448921034601,0.008529775507248967,0.7810620740971019,34.0
2026-07-21,-0.0308378936090714,1.008251575327502,-0.16686826853580286,0.7116170591235745,49.0
2026-07-22,0.1708921529883357,1.0538103391232951,-0.06914136780125832,0.43672427033254835,83.0
2026-07-23,-0.07485278138433922,1.048211356597066,0.04817021407602852,1.4979571048099654,59.0
2026-07-24,0.42241527279770746,0.8914389872312768,0.2855964321536698,0.8771292513946213,28.0
2026-07-25,-0.16510921712322288,1.1371042330722665,0.049415095291499504,0.5670727758293781,17.0
2026-07-26,0.4812696481461894,1.0419198530844798,0.11979762010548653,0.4750339392191911,22.0
2026-07-27,0.19817183274803685,1.134354915374738,0.13736242943824187,0.715448260686648,45.0
2026-07-28,0.39448553866816133,0.8899961177995512,0.1818266434680296,0.8860817842556103,46.0
2026-07-29,0.11859383852412118,0.8379923058695191,-0.01639871051937937,0.47781586496469314,39.0
2026-07-30,0.059626041323349824,0.7865366900790086,-0.02711742962810934,0.36778017567751364,34.0
2026-07-31,0.13203388358041776,0.8712424117474553,0.28072127948705755,1.4706980938575047,35.0
2026-08-01,0.3238116705353916,0.7270044441355972,0.045927206895606545,0.8462203612655255,21.0
2026-08-02,0.35320143481785815,0.6897031982230093,0.0726059622451452,0.4506206501523733,11.0
2026-08-03,0.033920764858715306,0.8019283974426595,0.21075901812572218,0.6525989979251802,22.0
2026-08-04,0.004486443896247646,1.0651195709624561,0.13762420189983826,0.6821232754101709,41.0
2026-08-05,0.2509174320363567,1.0774399779291355,-0.020409970428818144,0.5028825202569955,48.0
2026-08-06,0.03921832823339064,0.7748673435617736,-0.03782275666431848,0.9941400687992303,52.0
2026-08-07,-0.15836652292348508,0.8146643376351177,-0.0042435843658213115,0.729216646800132,44.0
2026-08-08,0.021195693424302605,1.00380262669899,0.09920386710824525,0.5951515011371524,23.0
2026-08-09,-0.2787887781120562,0.8396982092335387,-0.18422113281161867,0.47719461249507605,32.0
2026-08-10,0.00239395600269114,1.0441374706054045,0.08451757643035417,1.2261261080504535,39.0
2026-08-11,-0.13347416581848906,1.0509686588386744,0.0952096035989231,0.9523916693744784,40.0
2026-08-12,-0.11591195463535191,0.9534815373685036,-0.003582024831779168,1.3741191011740588,40.0
2026-08-13,0.1644084188211402,0.9979718594921229,-0.06264080074006768,0.8046929119669665,39.0
2026-08-14,0.20016332149990326,0.9286341817479646,-0.08526559195390836,0.3017071901546427,27.0
2026-08-15,-0.0731941781354536,1.2730153436103653,0.023422204783636644,0.2775046125198246,15.0
2026-08-16,0.16955735136040137,0.7514595038924164,0.8037675183213412,3.5460630665507007,22.0
2026-08-17,0.10319787130767567,1.2210368249293069,0.30773116939065587,1.5901565980373307,56.0
2026-08-18,-0.10983627971741255,0.8644201346880086,-0.13045903601210018,0.4803339231055909,52.0
2026-08-19,0.08769600188163984,0.918856665441826,-0.050465895601802674,0.6936270638153993,44.0
2026-08-20,-0.20377640135343092,1.1060616953573368,-0.02647572928808002,0.6765524738008521,35.0
2026-08-21,-0.385814704199815,0.8771823522409001,0.2145057752508017,0.839895507603643,25.0
2026-08-22,-0.1261098149737827,0.8625097956644082,0.02179797726879846,1.4258796590896514,37.0
2026-08-23,-0.22710382206511584,0.6648445641732496,-0.263283352061316,0.1750459571074685,14.0
2026-08-24,0.21419422162541102,0.9479886695544192,0.00673418467171831,0.9690777116135374,26.0
2026-08-25,-0.37953273754724665,0.8488281716874942,0.05339534027774678,0.6322239827680486,19.0
2026-08-26,0.07933929802322288,0.9678533071790045,0.009225283424380544,0.49373890867775494,30.0
2026-08-27,-0.12577385150487594,0.8671787242871362,-0.10163534112605833,0.6496719903648381,24.0
2026-08-28,0.07564387224434292,0.607164411514913,0.11969657040306313,1.3791778917003554,25.0
2026-08-29,-0.1619578849347816,0.7238309388150084,0.31960404548272503,0.8662288997916846,14.0
2026-08-30,0.3430140658068311,1.102008603255147,0.05364436208361452,0.6833816958517178,23.0
2026-08-31,0.2306369994718805,0.8861788106473062,0.028458114922675557,0.6844982332724076,27.0
2026-09-01,-0.02402854591264534,0.753304381248004,-0.14980214226953534,0.5790775191101285,30.0
2026-09-02,-0.48641569248086164,1.355217588276594,0.2340413912372374,1.2336015934659057,35.0
2026-09-03,0.03213448910407393,1.0509670236552728,0.01862747153382306,0.4115488355949643,35.0
2026-09-04,-0.10668208306276114,0.8002020259129531,0.29967881140664837,1.1310534808559045,25.0
2026-09-05,-0.5041994985452639,0.8395594245669749,-0.19802015703176087,0.37171934687271896,17.0
2026-09-06,0.29820143321259973,1.1262334615563054,0.05295886329895995,0.7019297380739684,16.0
2026-09-07,0.12666916402737333,1.293714251768856,0.032065019669987205,0.6131187953264058,20.0
2026-09-08,0.22073911897432055,0.8878204853830877,-0.24235922100974278,0.34140907215986305,29.0
2026-09-09,-0.1021740618268516,0.9785682705073915,-0.30066217500337133,0.5908558658321909,25.0
2026-09-10,-0.044596575469414916,1.1358576012389494,0.24107810365166926,1.3306199393909197,26.0
2026-09-11,-0.20453289748059325,0.8866142956181455,-0.08048282636337167,1.424348499893623,39.0
2026-09-12,-0.35692242081865294,1.1114965538707828,-0.28812182935341635,0.39098202183022096,16.0
2026-09-13,-0.1719000582909818,0.741034668162851,-0.1525979036251943,1.0352442378201936,30.0
2026-09-14,-0.24229865613881657,0.7233297382719612,-0.37342037629101843,0.5621899830620246,43.0
2026-09-15,0.333436317533302,1.0364284478389196,-0.07127836763459663,0.48863163201151955,49.0
2026-09-16,-0.052967189145218085,0.8600751552899639,-0.20296031924023583,0.7683540339286304,34.0
2026-09-17,0.013045629099576087,0.7190275069572686,-0.2695578514862782,0.3163999866955006,17.0
2026-09-18,0.3024210535721274,0.7855200227934775,-0.17510369303660756,0.451574948437413,8.0
2026-09-19,0.4099859232222006,1.210715940897028,0.03927831102241303,0.7753152693563204,13.0
2026-09-20,-0.5507006023453055,0.5252681837222918,-0.16017245107984177,0.44245448970313167,6.0
2026-09-21,0.44674969668455344,1.2647558583572867,-0.06814927817498248,0.5687352346979234,11.0
2026-09-22,-0.09327249501402332,1.0331940650015423,-0.07934877602404979,0.5876424800732013,58.0
2026-09-23,0.022828363243072445,0.8891690058975075,1.1028132789145246,3.804899442395954,13.0
2026-09-24,0.1433459112377317,0.5438039125249469,-0.22949117233640343,0.30997746870949805,10.0
2026-09-25,-0.00046663619623477646,0.7396236150759917,-0.32312919283424846,0.3433268800538533,10.0
2026-09-26,1.003066842988653,1.8906871558325848,0.06356696121899598,1.0025944020943625,11.0
2026-09-27,0.6051001970287434,1.312428624729778,-0.13145715580971223,0.5462238141117276,9.0
2026-09-28,-0.08176234140134343,0.7975952739980143,-0.2858911714667776,0.37346899916784043,13.0
2026-09-29,-0.26358463981899916,1.1179510881454138,-0.0004636557306054607,0.3683530492666472,9.0
2026-09-30,-0.2180044704305685,1.070538572745609,0.10598882888007058,0.489616826443687,15.0
2026-10-01,-0.20127550778011347,0.27640599420824424,0.01084964056001309,0.13200535421675821,3.0
2026-10-02,0.7210429120716975,0.5862797660020396,-0.12488895340621627,0.9036848720811134,4.0
